Name,Age
Alice Martin,14
Lucas Bernard,14
Emma Dubois,13
Noah Lefevre,13
Chloé Moreau,12
Hugo Fontaine,14
Lina Mercier,13
Tom Roux,13
Jade Caron,14
Louis Garnier,14
Sarah Lambert,14
Maxime Roussel,12
Inès Boulanger,13
Leo Blanchet,12
Mila Perrot,13
Nicolas Arnaud,14
Clara Barret,12
Ethan Delaunay,13
Manon Giraud,13
Gabriel Marechal,14
Camille Hebert,13
Quentin Verdier,13
Zoé Picard,13
Mathis Paris,12
Louna Gerard,12
Enzo Robert,14
Maelys Faure,13
Antoine Didier,14
Charlotte Noel,13
Rayan Chevalier,13
